[
    {
        "patient-id": "123",
        "institution-name": "american",
        "patient-name": "abdulla",
        "dob": "2023-08-01",
        "procedure-date": "2023-08-08",
        "consent-given": "Yes"
    },
    {
        "patient-id": "111111",
        "institution-name": "american",
        "patient-name": "abdulla",
        "dob": "2023-08-01",
        "procedure-date": "2023-08-08",
        "consent-given": "Yes"
    },
    {
        "patient-id": "000000",
        "institution-name": "american",
        "patient-name": "abdulla",
        "dob": "2023-08-01",
        "procedure-date": "2023-08-08",
        "consent-given": "Yes"
    },
    {
        "patient-id": "5555555",
        "institution-name": "american",
        "patient-name": "adi",
        "dob": "2023-08-01",
        "procedure-date": "2023-08-15",
        "consent-given": "Yes"
    },
    {
        "patient-id": "121",
        "institution-name": "21",
        "patient-name": "21",
        "dob": "0013-03-21",
        "procedure-date": "1231-03-12",
        "consent-given": "Yes"
    },
    {
        "patient-id": "41324",
        "institution-name": "adi",
        "patient-name": "adi",
        "dob": "3234-02-23",
        "procedure-date": "3323-02-03",
        "consent-given": "Yes"
    },
    {
        "patient-id": "41",
        "institution-name": "adi",
        "patient-name": "adi",
        "dob": "3234-02-23",
        "procedure-date": "3323-02-03",
        "consent-given": "Yes"
    },
    {
        "patient-id": "12345",
        "institution-name": "american",
        "patient-name": "Adi",
        "dob": "2023-08-02",
        "procedure-date": "2023-08-10",
        "consent-given": "Yes"
    }
]