[
    {
        "mrn": "1234",
        "full_name": "",
        "email": "",
        "phone": "",
        "gender": "male",
        "weight": "",
        "pregnant": "yes",
        "dob": ""
    },
    {
        "mrn": "00000",
        "full_name": "",
        "email": "",
        "phone": "",
        "gender": "male",
        "weight": "",
        "pregnant": "yes",
        "dob": ""
    },
    {
        "mrn": "11111",
        "full_name": "",
        "email": "",
        "phone": "",
        "gender": "male",
        "weight": "",
        "pregnant": "yes",
        "dob": ""
    },
    {
        "mrn": "Adi",
        "full_name": "Abdulla",
        "email": "adiwebstudio@gmail.com",
        "phone": "12345678",
        "gender": "male",
        "weight": "54",
        "pregnant": "no",
        "dob": "2023-08-01"
    },
    {
        "mrn": "12345",
        "full_name": "Abdulla",
        "email": "adriatik.damzi@gmail.com",
        "phone": "12345678",
        "gender": "male",
        "weight": "",
        "pregnant": "yes",
        "dob": ""
    },
    {
        "mrn": "12345",
        "full_name": "Adi",
        "email": "adiwebstudio@gmail.com",
        "phone": "123456",
        "gender": "male",
        "weight": "78",
        "pregnant": "no",
        "dob": "2023-01-03"
    }
]